{
    "match_found": true,
    "top_match": {
        "phases": [
            "MnO_225.cif",
            "Li2MnO3_12.cif",
            "TiO2_141.cif"
        ],
        "kernels": [
            0.8373586602880208,
            0.6358769621203686,
            0.5468251069108765
        ],
        "scale_factors": [
            1.0,
            0.35324531197407727,
            0.23564029472259246
        ],
        "termination_condition": "max_phases"
    },
    "edges": "{\"from_name\":{\"0\":\"MnO_225\",\"1\":\"Li2MnO3_12\",\"2\":\"MnO_225\",\"3\":\"Li2MnO3_12\",\"4\":\"MnO_225\",\"5\":\"Li2MnO3_12\",\"6\":\"MnO_225\",\"7\":\"Li2MnO3_12\",\"8\":\"MnO_225\",\"9\":\"Li2MnO3_12\",\"10\":\"MnO_225\",\"11\":\"Li2MnO3_12\",\"12\":\"MnO_225\",\"13\":\"Li2MnO3_12\",\"14\":\"MnO_225\",\"15\":\"Li2MnO3_12\",\"16\":\"MnO_225\",\"17\":\"Ti6O11_12\",\"18\":\"MnO_225\",\"19\":\"Ti6O11_12\",\"20\":\"MnO_225\",\"21\":\"Ti6O11_12\",\"22\":\"MnO_225\",\"23\":\"Ti6O11_12\",\"24\":\"MnO_225\",\"25\":\"Ti6O11_12\",\"26\":\"MnO_225\",\"27\":\"TiO2_141\",\"28\":\"MnO_225\",\"29\":\"TiO2_141\",\"30\":\"MnO_225\",\"31\":\"TiO2_141\",\"32\":\"MnO_225\",\"33\":\"TiO2_141\",\"34\":\"MnO_225\",\"35\":\"Li_194\",\"36\":\"MnO_225\",\"37\":\"Li_194\",\"38\":\"MnO_225\",\"39\":\"Li_194\",\"40\":\"MnO_225\",\"41\":\"Mn_225\",\"42\":\"MnO_225\",\"43\":\"Mn_225\",\"44\":\"MnO_225\",\"45\":\"Mn_225\",\"46\":\"MnO_225\",\"47\":\"Mn_225\",\"48\":\"MnO_225\",\"49\":\"Mn_225\",\"50\":\"MnO_225\",\"51\":\"Mn_225\",\"52\":\"MnO_225\",\"53\":\"Mn_225\",\"54\":\"MnO_225\",\"55\":\"Mn_225\",\"56\":\"MnO_225\",\"57\":\"LiMn4O8_198\",\"58\":\"MnO_225\",\"59\":\"LiMn4O8_198\",\"60\":\"MnO_225\",\"61\":\"LiMn4O8_198\",\"62\":\"MnO_225\",\"63\":\"LiMn4O8_198\",\"64\":\"MnO_225\",\"65\":\"LiMn4O8_198\",\"66\":\"MnO_225\",\"67\":\"LiMn4O8_198\",\"68\":\"MnO_225\",\"69\":\"LiMn4O8_198\",\"70\":\"MnO_225\",\"71\":\"Ti3O5_63\",\"72\":\"MnO_225\",\"73\":\"Ti3O5_63\"},\"from_id\":{\"0\":0,\"1\":0,\"2\":0,\"3\":0,\"4\":0,\"5\":0,\"6\":0,\"7\":0,\"8\":0,\"9\":0,\"10\":0,\"11\":0,\"12\":0,\"13\":0,\"14\":0,\"15\":0,\"16\":0,\"17\":1,\"18\":0,\"19\":1,\"20\":0,\"21\":1,\"22\":0,\"23\":1,\"24\":0,\"25\":1,\"26\":0,\"27\":1,\"28\":0,\"29\":1,\"30\":0,\"31\":1,\"32\":0,\"33\":1,\"34\":0,\"35\":1,\"36\":0,\"37\":1,\"38\":0,\"39\":1,\"40\":0,\"41\":1,\"42\":0,\"43\":1,\"44\":0,\"45\":1,\"46\":0,\"47\":1,\"48\":0,\"49\":1,\"50\":0,\"51\":1,\"52\":0,\"53\":1,\"54\":0,\"55\":1,\"56\":0,\"57\":2,\"58\":0,\"59\":2,\"60\":0,\"61\":2,\"62\":0,\"63\":2,\"64\":0,\"65\":2,\"66\":0,\"67\":2,\"68\":0,\"69\":2,\"70\":0,\"71\":2,\"72\":0,\"73\":2},\"to_name\":{\"0\":\"Li2MnO3_12\",\"1\":\"TiO2_141\",\"2\":\"Li2MnO3_12\",\"3\":\"Ti6O11_12\",\"4\":\"Li2MnO3_12\",\"5\":\"TiO2_1\",\"6\":\"Li2MnO3_12\",\"7\":\"Ti3O5_12\",\"8\":\"Li2MnO3_12\",\"9\":\"Li_194\",\"10\":\"Li2MnO3_12\",\"11\":\"TiO2_13\",\"12\":\"Li2MnO3_12\",\"13\":\"Li3Ti4O8_3\",\"14\":\"Li2MnO3_12\",\"15\":\"Ti3O5_63\",\"16\":\"Ti6O11_12\",\"17\":\"Li2MnO3_12\",\"18\":\"Ti6O11_12\",\"19\":\"Mn_225\",\"20\":\"Ti6O11_12\",\"21\":\"LiMn4O8_198\",\"22\":\"Ti6O11_12\",\"23\":\"MnO2_227\",\"24\":\"Ti6O11_12\",\"25\":\"LiF_225\",\"26\":\"TiO2_141\",\"27\":\"Li2MnO3_12\",\"28\":\"TiO2_141\",\"29\":\"LiMn4O8_198\",\"30\":\"TiO2_141\",\"31\":\"Mn_225\",\"32\":\"TiO2_141\",\"33\":\"MnO2_227\",\"34\":\"Li_194\",\"35\":\"Li2MnO3_12\",\"36\":\"Li_194\",\"37\":\"Mn_225\",\"38\":\"Li_194\",\"39\":\"LiF_225\",\"40\":\"Mn_225\",\"41\":\"Ti6O11_12\",\"42\":\"Mn_225\",\"43\":\"TiO2_141\",\"44\":\"Mn_225\",\"45\":\"Li2MnO3_12\",\"46\":\"Mn_225\",\"47\":\"Li_194\",\"48\":\"Mn_225\",\"49\":\"Ti3O5_12\",\"50\":\"Mn_225\",\"51\":\"Ti3O5_63\",\"52\":\"Mn_225\",\"53\":\"TiO2_1\",\"54\":\"Mn_225\",\"55\":\"TiO2_13\",\"56\":\"LiMn4O8_198\",\"57\":\"TiO2_141\",\"58\":\"LiMn4O8_198\",\"59\":\"Ti6O11_12\",\"60\":\"LiMn4O8_198\",\"61\":\"Li2MnO3_12\",\"62\":\"LiMn4O8_198\",\"63\":\"TiO2_1\",\"64\":\"LiMn4O8_198\",\"65\":\"Ti3O5_12\",\"66\":\"LiMn4O8_198\",\"67\":\"TiO2_13\",\"68\":\"LiMn4O8_198\",\"69\":\"Li_194\",\"70\":\"Ti3O5_63\",\"71\":\"Li2MnO3_12\",\"72\":\"Ti3O5_63\",\"73\":\"Mn_225\"},\"to_id\":{\"0\":0,\"1\":0,\"2\":0,\"3\":0,\"4\":0,\"5\":0,\"6\":0,\"7\":0,\"8\":0,\"9\":0,\"10\":0,\"11\":0,\"12\":0,\"13\":0,\"14\":0,\"15\":0,\"16\":1,\"17\":2,\"18\":1,\"19\":2,\"20\":1,\"21\":1,\"22\":1,\"23\":1,\"24\":1,\"25\":1,\"26\":1,\"27\":3,\"28\":1,\"29\":0,\"30\":1,\"31\":3,\"32\":1,\"33\":0,\"34\":1,\"35\":1,\"36\":1,\"37\":0,\"38\":1,\"39\":0,\"40\":1,\"41\":2,\"42\":1,\"43\":2,\"44\":1,\"45\":4,\"46\":1,\"47\":2,\"48\":1,\"49\":1,\"50\":1,\"51\":1,\"52\":1,\"53\":1,\"54\":1,\"55\":1,\"56\":2,\"57\":3,\"58\":2,\"59\":3,\"60\":2,\"61\":5,\"62\":2,\"63\":2,\"64\":2,\"65\":2,\"66\":2,\"67\":2,\"68\":2,\"69\":3,\"70\":2,\"71\":6,\"72\":2,\"73\":4}}",
    "paths": "{\"phases\":{\"0\":\"MnO_225.cif, Li2MnO3_12.cif, TiO2_141.cif\",\"1\":\"MnO_225.cif, Li2MnO3_12.cif, Ti6O11_12.cif\",\"2\":\"MnO_225.cif, Li2MnO3_12.cif, TiO2_1.cif\",\"3\":\"MnO_225.cif, Li2MnO3_12.cif, Ti3O5_12.cif\",\"4\":\"MnO_225.cif, Li2MnO3_12.cif, Li_194.cif\",\"5\":\"MnO_225.cif, Li2MnO3_12.cif, TiO2_13.cif\",\"6\":\"MnO_225.cif, Li2MnO3_12.cif, Li3Ti4O8_3.cif\",\"7\":\"MnO_225.cif, Li2MnO3_12.cif, Ti3O5_63.cif\",\"8\":\"MnO_225.cif, Ti6O11_12.cif, Li2MnO3_12.cif\",\"9\":\"MnO_225.cif, Ti6O11_12.cif, Mn_225.cif\",\"10\":\"MnO_225.cif, Ti6O11_12.cif, LiMn4O8_198.cif\",\"11\":\"MnO_225.cif, Ti6O11_12.cif, MnO2_227.cif\",\"12\":\"MnO_225.cif, Ti6O11_12.cif, LiF_225.cif\",\"13\":\"MnO_225.cif, TiO2_141.cif, Li2MnO3_12.cif\",\"14\":\"MnO_225.cif, TiO2_141.cif, LiMn4O8_198.cif\",\"15\":\"MnO_225.cif, TiO2_141.cif, Mn_225.cif\",\"16\":\"MnO_225.cif, TiO2_141.cif, MnO2_227.cif\",\"17\":\"MnO_225.cif, Li_194.cif, Li2MnO3_12.cif\",\"18\":\"MnO_225.cif, Li_194.cif, Mn_225.cif\",\"19\":\"MnO_225.cif, Li_194.cif, LiF_225.cif\",\"20\":\"MnO_225.cif, Mn_225.cif, Ti6O11_12.cif\",\"21\":\"MnO_225.cif, Mn_225.cif, TiO2_141.cif\",\"22\":\"MnO_225.cif, Mn_225.cif, Li2MnO3_12.cif\",\"23\":\"MnO_225.cif, Mn_225.cif, Li_194.cif\",\"24\":\"MnO_225.cif, Mn_225.cif, Ti3O5_12.cif\",\"25\":\"MnO_225.cif, Mn_225.cif, Ti3O5_63.cif\",\"26\":\"MnO_225.cif, Mn_225.cif, TiO2_1.cif\",\"27\":\"MnO_225.cif, Mn_225.cif, TiO2_13.cif\",\"28\":\"MnO_225.cif, LiMn4O8_198.cif, TiO2_141.cif\",\"29\":\"MnO_225.cif, LiMn4O8_198.cif, Ti6O11_12.cif\",\"30\":\"MnO_225.cif, LiMn4O8_198.cif, Li2MnO3_12.cif\",\"31\":\"MnO_225.cif, LiMn4O8_198.cif, TiO2_1.cif\",\"32\":\"MnO_225.cif, LiMn4O8_198.cif, Ti3O5_12.cif\",\"33\":\"MnO_225.cif, LiMn4O8_198.cif, TiO2_13.cif\",\"34\":\"MnO_225.cif, LiMn4O8_198.cif, Li_194.cif\",\"35\":\"MnO_225.cif, Ti3O5_63.cif, Li2MnO3_12.cif\",\"36\":\"MnO_225.cif, Ti3O5_63.cif, Mn_225.cif\"},\"avg_similarity\":{\"0\":0.6733535764,\"1\":0.6705931627,\"2\":0.6602394697,\"3\":0.6537471995,\"4\":0.6420762072,\"5\":0.6398920666,\"6\":0.635275538,\"7\":0.6328736841,\"8\":0.6501196214,\"9\":0.5804333622,\"10\":0.5723085432,\"11\":0.5658499652,\"12\":0.5635012915,\"13\":0.6508521903,\"14\":0.5747277987,\"15\":0.5730674802,\"16\":0.5620291867,\"17\":0.6238006411,\"18\":0.5734842588,\"19\":0.5580358824,\"20\":0.5903310614,\"21\":0.5815745497,\"22\":0.5806957848,\"23\":0.5795744802,\"24\":0.5725097935,\"25\":0.5724537925,\"26\":0.5721692576,\"27\":0.5619966772,\"28\":0.5742617731,\"29\":0.5742206434,\"30\":0.5695202111,\"31\":0.563651173,\"32\":0.5590788356,\"33\":0.5528417362,\"34\":0.5507142331,\"35\":0.6138898266,\"36\":0.5653215649}}"
}